Aaron,Titus Andronicus,Tragedies
The Abbott Of Westminster,Richard II,Histories
Lord Abergavenny,Henry VIII,Histories
Abhorson,Measure for Measure,Comedies
Abraham Slender,The Merry Wives of Windsor,Comedies
Abraham,Romeo and Juliet,Tragedies
Achilles,Troilus and Cressida,Tragedies
Adam,As You Like It,Comedies
Adrian,The Tempest,Comedies
Adriana,The Comedy of Errors,Comedies
Don Adriano De Armado,Love's Labour's Lost,Comedies
Aediles,Coriolanus,Tragedies
Aemelia,The Comedy of Errors,Comedies
Aemilius,Titus Andronicus,Tragedies
Marcus Aemilius Lepidus,Antony and Cleopatra,Tragedies
Aeneas,Troilus and Cressida,Tragedies
Agamemnon,Troilus and Cressida,Tragedies
Agrippa,Antony and Cleopatra,Tragedies
Menenius Agrippa,Coriolanus,Tragedies
Ajax,Troilus and Cressida,Tragedies
Alarbus,Titus Andronicus,Tragedies
The Mayor Of St. Albans,Henry VI,Histories
The Duke Of Albany,King Lear,Tragedies
Alcibiades (Fictional Character)|Alcibiades,Timon of Athens,Tragedies
The Duke Of Alençon,Henry VI,Histories
Alexander,Troilus and Cressida,Tragedies
Alexander Court,Henry V,Histories
Alexander Iden,Henry VI,Histories
Alexas,Antony and Cleopatra,Tragedies
Alice,Henry V,Histories
Aliena,As You Like It,Comedies
Alonso,The Tempest,Comedies
Ambassadors,Henry V,Histories
Ambassadors,Hamlet,Tragedies
Amiens,As You Like It,Comedies
Sir Andrew Ague-Cheek|Sir Andrew Aguecheek,Twelfth Night,Comedies
Andromache,Troilus and Cressida,Tragedies
Marcus Andronicus,Titus Andronicus,Tragedies
Titus Andronicus,Titus Andronicus,Tragedies
Angelica,Romeo and Juliet,Tragedies
Angelo (Measure For Measure)|Angelo,Measure for Measure,Comedies
Angelo,The Comedy of Errors,Comedies
Angus,Macbeth,Tragedies
Anne Bullen,Henry VIII,Histories
Anne Page,The Merry Wives of Windsor,Comedies
Lady Anne,Richard III,Histories
Antenor,Troilus and Cressida,Tragedies
Antigonus,The Winter's Tale,Comedies
Antiochus,Pericles,Comedies
Antipholus Of Ephesus,The Comedy of Errors,Comedies
Antipholus Of Syracuse,The Comedy of Errors,Comedies
Antonio (Merchant Of Venice)|Antonio,The Merchant of Venice,Comedies
Antonio,Much Ado About Nothing,Comedies
Antonio,Twelfth Night,Comedies
Antonio,The Tempest,Comedies
Antonio,The Two Gentlemen of Verona,Comedies
Mark Antony,Antony and Cleopatra,Tragedies
Sir Anthony Denny,Henry VIII,Histories
Apemantus,Timon of Athens,Tragedies
Apparitions,Macbeth,Tragedies
Apothecary,Romeo and Juliet,Tragedies
The Archbishop Of Canterbury,Henry V,Histories
"Thomas Cranmer, Archbishop Of Canterbury",Henry VIII,Histories
The Archbishop Of York,Henry IV,Histories
The Archbishop Of York,Richard III,Histories
Archidamus,The Winter's Tale,Comedies
Arcite,The Two Noble Kinsmen,Comedies
Ariel (Shakespeare)|Ariel,The Tempest,Comedies
The Prince Of Arragon,The Merchant of Venice,Comedies
Queen Katherine Of Aragon,Henry VIII,Histories
Artemidorus,Julius Caesar,Tragedies
Arthur,King John,Histories
Don Adriano De Armado,Love's Labour's Lost,Comedies
Arviragus,Cymbeline,Tragedies
Old Athenian,Timon of Athens,Tragedies
Attendant,All's Well That Ends Well,Comedies
Audrey,As You Like It,Comedies
Tullus Aufidius,Coriolanus,Tragedies
Aumerle,Richard II,Histories
Autolycus,The Winter's Tale,Comedies
Bagot,Richard II,Histories
Balthasar,Romeo and Juliet,Tragedies
Balthasar,Much Ado About Nothing,Comedies
Balthasar,The Comedy of Errors,Comedies
Balthasar,The Merchant of Venice,Comedies
Bandits,Timon of Athens,Tragedies
Banquo,Macbeth,Tragedies
Baptista Minola,The Taming of the Shrew,Comedies
Bardolph (Shakespeare Character)|Bardolph,Henry V,Histories
Lord Bardolph,Henry IV,Histories
Barnardine,Measure for Measure,Comedies
Barnardo,Hamlet,Tragedies
Bassanio,The Merchant of Venice,Comedies
Basset,Henry VI,Histories
Bassianus,Titus Andronicus,Tragedies
The Bastard Of Orleans,Henry VI,Histories
Philip (The Bastard) Faulconbridge,King John,Histories
John Bates,Henry V,Histories
Bavian,The Two Noble Kinsmen,Comedies
Bawd,Pericles,Comedies
A Beadle,Henry IV,Histories
A Beadle,Henry VI,Histories
Beatrice (Much Ado About Nothing)|Beatrice,Much Ado About Nothing,Comedies
Belarius,Cymbeline,Tragedies
Toby Belch|Sir Toby Belch,Twelfth Night,Comedies
Benedick,Much Ado About Nothing,Comedies
Benvolio,Romeo and Juliet,Tragedies
Berkeley,Richard III,Histories
Lord Berkeley,Richard II,Histories
Berowne,Love's Labour's Lost,Comedies
The Duke Of Berry,Henry V,Histories
Bertram,All's Well That Ends Well,Comedies
Bianca Minola|Bianca,The Taming of the Shrew,Comedies
Bianca,Othello,Tragedies
Lord Bigot,King John,Histories
Biondello,The Taming of the Shrew,Comedies
The Bishop Of Carlisle,Richard II,Histories
The Bishop Of Ely,Henry V,Histories
The Bishop Of Ely,Richard III,Histories
The Bishop Of Lincoln,Henry VIII,Histories
The Bishop Of Winchester,Henry VI,Histories
The Bishop Of Winchester,Henry VIII,Histories
Blanche,King John,Histories
Sir James Blunt,Richard III,Histories
Sir John Blunt,Henry IV,Histories
Sir Walter Blunt,Henry IV,Histories
The Boatswain,The Tempest,Comedies
Bolingbroke,Henry IV,Histories
Bolingbroke,Henry VI,Histories
Borachio,Much Ado About Nothing,Comedies
Nick Bottom,A Midsummer Night's Dream,Comedies
Boult,Pericles,Comedies
The Duke Of Bourbon,Henry V,Histories
Cardinal Bourchier,Richard III,Histories
Boy,Richard III,Histories
Boy,Coriolanus,Tragedies
The Boy,Henry V,Histories
Boy,The Two Noble Kinsmen,Comedies
Boy,Troilus and Cressida,Tragedies
Boy,Much Ado About Nothing,Comedies
Boy,Measure for Measure,Comedies
Boy,Antony and Cleopatra,Tragedies
Master Gunner'S Boy,Henry VI,Histories
Boyet,Love's Labour's Lost,Comedies
Brabantio,Othello,Tragedies
Brackenbury,Richard III,Histories
Brandon,Henry VIII,Histories
The Duke Of Britain,Henry V,Histories
Bromodideuterio,Cymbeline,Tragedies
Jailer'S Brother,The Two Noble Kinsmen,Comedies
Decius Brutus,Julius Caesar,Tragedies
Junius Brutus,Coriolanus,Tragedies
Marcus Brutus,Julius Caesar,Tragedies
The Duke Of Buckingham,Henry VI,Histories
The Duke Of Buckingham,Richard III,Histories
The Duke Of Buckingham (3),Henry VIII,Histories
Bullcalf,Henry IV,Histories
Anne Bullen,Henry VIII,Histories
The Duke Of Burgundy,Henry V,Histories
The Duke Of Burgundy,Henry VI,Histories
The Duke Of Burgundy (3),King Lear,Tragedies
Bushy,Richard II,Histories
Dick The Butcher,Henry VI,Histories
Doctor Butts,Henry VIII,Histories
Jack Cade,Henry VI,Histories
Cadwal,Cymbeline,Tragedies
Julius Caesar,Julius Caesar,Tragedies
Octavius Caesar,Antony and Cleopatra,Tragedies
Caius,Titus Andronicus,Tragedies
Caius Cassius,Julius Caesar,Tragedies
Caius Ligarius,Julius Caesar,Tragedies
Caius Lucius,Cymbeline,Tragedies
Caius Martius Coriolanus,Coriolanus,Tragedies
Doctor Caius,The Merry Wives of Windsor,Comedies
Calchas,Troilus and Cressida,Tragedies
Caliban (Character)|Caliban,The Tempest,Comedies
Calphurnia,Julius Caesar,Tragedies
The Earl Of Cambridge,Henry V,Histories
Camillo,The Winter's Tale,Comedies
Cardinal Campeius,Henry VIII,Histories
Canidius,Antony and Cleopatra,Tragedies
The Archbishop Of Canterbury,Henry V,Histories
"Thomas Cranmer, Archbishop Of Canterbury",Henry VIII,Histories
Caphis,Timon of Athens,Tragedies
Capilet,All's Well That Ends Well,Comedies
Captain,Twelfth Night,Comedies
Captain,Richard II,Histories
Captain,Macbeth,Tragedies
Captain,King Lear,Tragedies
Captain,Hamlet,Tragedies
Captain,Antony and Cleopatra,Tragedies
Captain,Henry VI,Histories
Captain,Henry VI,Histories
Captain,Henry VI,Histories
Captain,Cymbeline,Tragedies
Captains,Cymbeline,Tragedies
Capulet,Romeo and Juliet,Tragedies
Lady Capulet,Romeo and Juliet,Tragedies
Old Capulet,Romeo and Juliet,Tragedies
Lord Caputius,Henry VIII,Histories
Cardinal Bourchier,Richard III,Histories
Cardinal Campeius,Henry VIII,Histories
Cardinal Pandulph,King John,Histories
Cardinal Wolsey,Henry VIII,Histories
The Bishop Of Carlisle,Richard II,Histories
Carpenter,Julius Caesar,Tragedies
Casca,Julius Caesar,Tragedies
Cassandra,Troilus and Cressida,Tragedies
Michael Cassio,Othello,Tragedies
Caius Cassius,Julius Caesar,Tragedies
Catesby,Richard III,Histories
Caithness,Macbeth,Tragedies
Simon Catling,Romeo and Juliet,Tragedies
Young Cato,Julius Caesar,Tragedies
Celia,As You Like It,Comedies
Ceres,The Tempest,Comedies
Cerimon,Pericles,Comedies
The Lord Chamberlain,Henry VIII,Histories
The Lord Chancellor,Henry VIII,Histories
Charles,As You Like It,Comedies
The Dauphin,Henry VI,Histories
Charmian,Antony and Cleopatra,Tragedies
Emmanuel The Clerk Of Chatham,Henry VI,Histories
Chatillion,King John,Histories
The Lord Chief Justice,Henry IV,Histories
Chiron,Titus Andronicus,Tragedies
The Chorus,Romeo and Juliet,Tragedies
The Chorus,Henry V,Histories
Christopher Sly,The Taming of the Shrew,Comedies
Christopher Urswick,Richard III,Histories
Cicero,Julius Caesar,Tragedies
Metellus Cimber,Julius Caesar,Tragedies
Cinna,Julius Caesar,Tragedies
Cinna,Julius Caesar,Tragedies
Citizen,Coriolanus,Tragedies
Citizens,Coriolanus,Tragedies
Citizens,Richard III,Histories
"George, Duke Of Clarence",Richard III,Histories
"Thomas, Duke Of Clarence",Henry V,Histories
Claudio,Much Ado About Nothing,Comedies
Claudio,Measure for Measure,Comedies
Claudius,Julius Caesar,Tragedies
King Claudius,Hamlet,Tragedies
Cleomines,The Winter's Tale,Comedies
Cleon,Pericles,Comedies
Cleopatra,Antony and Cleopatra,Tragedies
Emmanuel The Clerk Of Chatham,Henry VI,Histories
Clifford,Henry VI,Histories
Old Clifford,Henry VI,Histories
Clitus,Julius Caesar,Tragedies
Cloten,Cymbeline,Tragedies
The Clown,The Winter's Tale,Comedies
The Clown,Othello,Tragedies
The Clown,Titus Andronicus,Tragedies
The Clown,Antony and Cleopatra,Tragedies
The Clown,Measure for Measure,Comedies
Cobbler,Julius Caesar,Tragedies
Cobweb,A Midsummer Night's Dream,Comedies
Sir John Coleville,Henry IV,Histories
Cominius,Coriolanus,Tragedies
Conrade,Much Ado About Nothing,Comedies
Conspirators,Coriolanus,Tragedies
The Constable Of France,Henry V,Histories
Constance,King John,Histories
Corambis,Hamlet,Tragedies
Cordelia,King Lear,Tragedies
Corin,As You Like It,Comedies
Caius Martius Coriolanus,Coriolanus,Tragedies
Cornelius,Hamlet,Tragedies
Cornelius,Cymbeline,Tragedies
The Duke Of Cornwall,King Lear,Tragedies
Costard,Love's Labour's Lost,Comedies
The Countess Of Auvergne,Henry VI,Histories
The Countess Of Rousillon,All's Well That Ends Well,Comedies
Countrymen,The Two Noble Kinsmen,Comedies
Countrywomen,The Two Noble Kinsmen,Comedies
Alexander Court,Henry V,Histories
Courtesan,The Comedy of Errors,Comedies
Crab,The Two Gentlemen of Verona,Comedies
"Thomas Cranmer, Archbishop Of Canterbury",Henry VIII,Histories
Cressida,Troilus and Cressida,Tragedies
Crier,Henry VIII,Histories
Thomas Cromwell,Henry VIII,Histories
Cupid,Timon of Athens,Tragedies
Curan,King Lear,Tragedies
Curio,Twelfth Night,Comedies
Curtis,The Taming of the Shrew,Comedies
Cymbeline,Cymbeline,Tragedies
Dardanius,Julius Caesar,Tragedies
Daughter,Pericles,Comedies
Jailer'S Daughter,The Two Noble Kinsmen,Comedies
The Dauphin,Henry V,Histories
The Dauphin,Henry VI,Histories
Davy,Henry IV,Histories
Jaques Deboys,As You Like It,Comedies
Decius Brutus,Julius Caesar,Tragedies
Deiphobus,Troilus and Cressida,Tragedies
Demetrius,A Midsummer Night's Dream,Comedies
Demetrius,Titus Andronicus,Tragedies
Demetrius,Antony and Cleopatra,Tragedies
Dennis,As You Like It,Comedies
Sir Anthony Denny,Henry VIII,Histories
"Lord Stanley, Earl Of Derby",Richard III,Histories
Dercetus,Antony and Cleopatra,Tragedies
Desdemona (Othello)|Desdemona,Othello,Tragedies
Diana,All's Well That Ends Well,Comedies
Diana,Pericles,Comedies
Dick The Butcher,Henry VI,Histories
Diomedes,Antony and Cleopatra,Tragedies
Diomedes,Troilus and Cressida,Tragedies
Diomedes' Servant,Troilus and Cressida,Tragedies
Dion,The Winter's Tale,Comedies
Dionyza,Pericles,Comedies
Doctor,King Lear,Tragedies
Doctor,The Two Noble Kinsmen,Comedies
Doctor Butts,Henry VIII,Histories
Doctor Caius,The Merry Wives of Windsor,Comedies
English Doctor,Macbeth,Tragedies
Scottish Doctor,Macbeth,Tragedies
Dogberry,Much Ado About Nothing,Comedies
Dolabella,Antony and Cleopatra,Tragedies
Doll Tearsheet,Henry IV,Histories
Don John,Much Ado About Nothing,Comedies
Don Pedro,Much Ado About Nothing,Comedies
Don Adriano De Armado,Love's Labour's Lost,Comedies
Donalbain,Macbeth,Tragedies
Door Keeper,Henry VIII,Histories
Dorcas,The Winter's Tale,Comedies
Dorset,Richard III,Histories
The Earl Of Douglas,Henry IV,Histories
Dromio Of Ephesus,The Comedy of Errors,Comedies
Dromio Of Syracuse,The Comedy of Errors,Comedies
The Duchess Of Gloucester,Richard II,Histories
"Eleanor, Duchess Of Gloucester",Henry VI,Histories
The Duchess Of York,Richard II,Histories
The Duchess Of York,Richard III,Histories
The Duke Of Albany,King Lear,Tragedies
The Duke Of Alençon,Henry VI,Histories
The Duke Of Arragon,The Merchant of Venice,Comedies
The Duke Of Berry,Henry V,Histories
The Duke Of Bourbon,Henry V,Histories
The Duke Of Britain,Henry V,Histories
The Duke Of Buckingham,Henry VI,Histories
The Duke Of Buckingham,Richard III,Histories
The Duke Of Buckingham (3),Henry VIII,Histories
The Duke Of Burgundy,Henry V,Histories
The Duke Of Burgundy,Henry VI,Histories
The Duke Of Burgundy (3),King Lear,Tragedies
"George, Duke Of Clarence",Richard III,Histories
"Thomas, Duke Of Clarence",Henry V,Histories
The Duke Of Cornwall,King Lear,Tragedies
The Duke Of Exeter,Henry VI,Histories
The Duke Of Exeter,Henry VI,Histories
The Duke Of Florence,All's Well That Ends Well,Comedies
Duke Frederick,As You Like It,Comedies
"Humphrey, Duke Of Gloucester",Henry VI,Histories
"Richard, Duke Of Gloucester",Richard III,Histories
"John Of Gaunt, Duke Of Lancaster",Richard II,Histories
The Duke Of Milan,The Two Gentlemen of Verona,Comedies
The Duke Of Norfolk,Richard III,Histories
The Duke Of Norfolk,Henry VIII,Histories
"Thomas Mowbray, Duke Of Norfolk",Richard II,Histories
The Duke Of Orleans,Henry V,Histories
Duke Senior,As You Like It,Comedies
The Duke Of Somerset,Henry VI,Histories
The Duke Of Somerset,Richard III,Histories
The Duke Of Somerset (3),Henry VI,Histories
The Duke Of Suffolk,Henry VIII,Histories
The Duke Of Suffolk (William De La Pole),Henry VI,Histories
The Duke Of Surrey,Richard II,Histories
The Duke Of Venice,The Merchant of Venice,Comedies
The Duke Of Venice,Othello,Tragedies
Duke Of Vienna,Measure for Measure,Comedies
The Duke Of York,Richard II,Histories
The Duke Of York,Henry V,Histories
"Richard, Duke Of York",Henry VI,Histories
"Richard, Duke Of York",Richard III,Histories
The Duke,Measure for Measure,Comedies
Dull,Love's Labour's Lost,Comedies
Dumaine,Love's Labour's Lost,Comedies
Duncan,Macbeth,Tragedies
Dutchman,Cymbeline,Tragedies
"Lord Stanley, Earl Of Derby",Richard III,Histories
The Earl Of Douglas,Henry IV,Histories
The Earl Of Essex,King John,Histories
The Earl Of Cambridge,Henry V,Histories
The Earl Of Gloucester,King Lear,Tragedies
The Earl Of Grandpre,Henry V,Histories
The Earl Of Huntingdon,Henry V,Histories
The Earl Of Kent,King Lear,Tragedies
The Earl Of Northumberland,Henry IV,Histories
The Earl Of Northumberland,Henry VI,Histories
The Earl Of Oxford,Richard III,Histories
The Earl Of Pembroke,King John,Histories
The Earl Of Pembroke,Henry VI,Histories
The Earl Of Richmond,Richard III,Histories
Earl Rivers,Richard III,Histories
The Earl Of Salisbury,King John,Histories
The Earl Of Salisbury,Richard II,Histories
The Earl Of Salisbury,Henry VI,Histories
The Earl Of Salisbury,Henry VI,Histories
The Earl Of Surrey,Henry IV,Histories
The Earl Of Surrey,Henry VIII,Histories
The Earl Of Warwick,Henry V,Histories
The Earl Of Warwick,Henry VI,Histories
The Earl Of Westmoreland,Henry V,Histories
The Earl Of Westmoreland,Henry VI,Histories
The Earl Of Worcester,Henry IV,Histories
Edgar,King Lear,Tragedies
Edmund (King Lear)|Edmund,King Lear,Tragedies
Edmund Mortimer,Henry IV,Histories
Edmund Mortimer,Henry VI,Histories
Edward,Richard III,Histories
Prince Edward,Henry VI,Histories
Prince Edward Of York,Richard III,Histories
Egeon,The Comedy of Errors,Comedies
Egeus,A Midsummer Night's Dream,Comedies
Sir Eglamour,The Two Gentlemen of Verona,Comedies
Elbow,Measure for Measure,Comedies
"Eleanor, Duchess Of Gloucester",Henry VI,Histories
Queen Eleanor,King John,Histories
Duchess Of Gloucester,Richard II,Histories
Queen Elizabeth,Richard III,Histories
The Bishop Of Ely,Henry V,Histories
The Bishop Of Ely,Richard III,Histories
Emmanuel The Clerk Of Chatham,Henry VI,Histories
Emilia (Othello)|Emilia,Othello,Tragedies
Emilia,The Two Noble Kinsmen,Comedies
Emilia,The Winter's Tale,Comedies
English Doctor,Macbeth,Tragedies
Enobarbus,Antony and Cleopatra,Tragedies
Antipholus Of Ephesus,The Comedy of Errors,Comedies
Dromio Of Ephesus,The Comedy of Errors,Comedies
Epilogue,The Two Noble Kinsmen,Comedies
Epilogue,Henry VIII,Histories
Epilogue,Henry IV,Histories
Eros,Antony and Cleopatra,Tragedies
Sir Thomas Erpingham,Henry V,Histories
"Escalus, Prince Of Verona",Romeo and Juliet,Tragedies
Escalus,Measure for Measure,Comedies
Escanes,Pericles,Comedies
The Earl Of Essex,King John,Histories
Sir Hugh Evans,The Merry Wives of Windsor,Comedies
The Duke Of Exeter,Henry VI,Histories
The Duke Of Exeter,Henry VI,Histories
Sir Piers Of Exton,Richard II,Histories
Fabian,Twelfth Night,Comedies
Fairy,A Midsummer Night's Dream,Comedies
Falstaff|Sir John Falstaff,Henry V,Histories
Fang,Henry IV,Histories
Sir John Fastolfe,Henry VI,Histories
A Father,Henry VI,Histories
Lady Faulconbridge,King John,Histories
Philip (The Bastard) Faulconbridge,King John,Histories
Robert Faulconbridge,King John,Histories
Feeble,Henry IV,Histories
Ferdinand,The Tempest,Comedies
Fenton,The Merry Wives of Windsor,Comedies
Feste,Twelfth Night,Comedies
Fishermen,Pericles,Comedies
Lord Fitzwalter,Richard II,Histories
Flaminius,Timon of Athens,Tragedies
Flavius,Timon of Athens,Tragedies
Flavius,Julius Caesar,Tragedies
Fleance,Macbeth,Tragedies
The Duke Of Florence,All's Well That Ends Well,Comedies
Florizel (The Winter'S Tale)|Florizel,The Winter's Tale,Comedies
The Fool,King Lear,Tragedies
Fool,Timon of Athens,Tragedies
Fluellen,Henry V,Histories
Francis Flute,A Midsummer Night's Dream,Comedies
Master Ford,The Merry Wives of Windsor,Comedies
Mistress Ford,The Merry Wives of Windsor,Comedies
Forester,Love's Labour's Lost,Comedies
Fortinbras,Hamlet,Tragedies
The Constable Of France,Henry V,Histories
The Dauphin,Henry VI,Histories
The King Of France,King Lear,Tragedies
The King Of France,All's Well That Ends Well,Comedies
The King Of France,Henry V,Histories
King Lewis Xi Of France,Henry VI,Histories
King Philip Of France,King John,Histories
The Princess Of France,Love's Labour's Lost,Comedies
The Queen Of France,Henry V,Histories
Francis,Henry IV,Histories
Francis Flute,A Midsummer Night's Dream,Comedies
Friar Francis,Much Ado About Nothing,Comedies
Francisca,Measure for Measure,Comedies
Francisco,Hamlet,Tragedies
Francisco,The Tempest,Comedies
Duke Frederick,As You Like It,Comedies
Frenchman,Cymbeline,Tragedies
Friar Francis,Much Ado About Nothing,Comedies
Friar John,Romeo and Juliet,Tragedies
Friar Laurence,Romeo and Juliet,Tragedies
Friar Peter,Measure for Measure,Comedies
Friar Thomas,Measure for Measure,Comedies
The Friar,Measure for Measure,Comedies
Friends,The Two Noble Kinsmen,Comedies
Froth,Measure for Measure,Comedies
Gadshill,Henry IV,Histories
Gallus,Antony and Cleopatra,Tragedies
Gaoler,The Comedy of Errors,Comedies
Gaolers,Henry VI,Histories
Gardener,Richard II,Histories
Gardener'S Men,Richard II,Histories
Gardiner,Henry VIII,Histories
Gardiner'S Page,Henry VIII,Histories
Thomas Gargrave (Soldier)|Gargrave,Henry VI,Histories
The Host Of The Garter,The Merry Wives of Windsor,Comedies
"John Of Gaunt, Duke Of Lancaster",Richard II,Histories
Gentleman,Hamlet,Tragedies
Gentleman,All's Well That Ends Well,Comedies
Gentleman,The Two Noble Kinsmen,Comedies
Gentlemen,Henry VI,Histories
Gentlemen,Cymbeline,Tragedies
Gentlemen,Pericles,Comedies
Gentlemen,Pericles,Comedies
Gentlemen,Henry VIII,Histories
Gentlemen,Pericles,Comedies
Gentlemen,Othello,Tragedies
Gentlemen,King Lear,Tragedies
Gentlewoman,Macbeth,Tragedies
Gentlewoman,Coriolanus,Tragedies
George,Henry VI,Histories
"George, Duke Of Clarence",Richard III,Histories
George Seacoal,Much Ado About Nothing,Comedies
Gerald,The Two Noble Kinsmen,Comedies
Gertrude (Hamlet)|Queen Gertrude,Hamlet,Tragedies
Julius Caesar,Julius Caesar,Tragedies
Old Hamlet,Hamlet,Tragedies
Henry Vi,Henry VI,Histories
Hermione,The Winter's Tale,Comedies
Girl,Richard III,Histories
Glansdale,Henry VI,Histories
Owen Glendower,Henry IV,Histories
The Duchess Of Gloucester,Richard II,Histories
The Earl Of Gloucester,King Lear,Tragedies
"Eleanor, Duchess Of Gloucester",Henry VI,Histories
"Humphrey, Duke Of Gloucester",Henry VI,Histories
"Richard, Duke Of Gloucester",Richard III,Histories
Launcelot Gobbo,The Merchant of Venice,Comedies
Old Gobbo,The Merchant of Venice,Comedies
Goneril,King Lear,Tragedies
Gonzalo,The Tempest,Comedies
Matthew Gough,Henry VI,Histories
The Governor Of Harfleur,Henry V,Histories
The Governor Of Paris,Henry VI,Histories
Gower,Henry IV,Histories
Gower,Henry V,Histories
John Gower,Pericles,Comedies
The Earl Of Grandpre,Henry V,Histories
Gratiano,The Merchant of Venice,Comedies
Gratiano,Othello,Tragedies
The Gravediggers|Gravedigger,Hamlet,Tragedies
Green,Richard II,Histories
Gregory,Romeo and Juliet,Tragedies
Gremio,The Taming of the Shrew,Comedies
Grey,Richard III,Histories
Sir Thomas Grey,Henry V,Histories
Griffith,Henry VIII,Histories
Groom,Richard II,Histories
Grumio,The Taming of the Shrew,Comedies
Guards,Antony and Cleopatra,Tragedies
Guards,Antony and Cleopatra,Tragedies
Guiderius,Cymbeline,Tragedies
Guildenstern,Hamlet,Tragedies
Sir Henry Guildford,Henry VIII,Histories
Master Gunner Of Orleans,Henry VI,Histories
Master Gunner'S Boy,Henry VI,Histories
James Gurney,King John,Histories
Haberdasher,The Taming of the Shrew,Comedies
Hal,Henry V,Histories
Hamlet,Hamlet,Tragedies
Prince Hamlet,Hamlet,Tragedies
King Hamlet|Old Hamlet,Hamlet,Tragedies
Harcourt,Henry IV,Histories
The Governor Of Harfleur,Henry V,Histories
Hotspur,Henry IV,Histories
Hastings Pursuivant,Richard III,Histories
Lord Hastings,Richard III,Histories
Hecate,Macbeth,Tragedies
Hector,Troilus and Cressida,Tragedies
Helen,Troilus and Cressida,Tragedies
Helen,Cymbeline,Tragedies
Helena,All's Well That Ends Well,Comedies
Helena (A Midsummer Night'S Dream)|Helena,A Midsummer Night's Dream,Comedies
Helenus,Troilus and Cressida,Tragedies
Helicanus,Pericles,Comedies
Bolingbroke,Henry IV,Histories
Hal,Henry V,Histories
King Henry Vi,Henry VI,Histories
The Earl Of Richmond,Richard III,Histories
King Henry Viii,Henry VIII,Histories
The Earl Of Northumberland,Henry IV,Histories
Prince Henry,King John,Histories
Sir Henry Guildford,Henry VIII,Histories
Herald,King Lear,Tragedies
Herald,The Two Noble Kinsmen,Comedies
Herald,Othello,Tragedies
Herald,Coriolanus,Tragedies
Heralds,King John,Histories
Sir Walter Herbert,Richard III,Histories
Hermia (Role)|Hermia,A Midsummer Night's Dream,Comedies
Hermione,The Winter's Tale,Comedies
Hero,Much Ado About Nothing,Comedies
Hippolyta,The Two Noble Kinsmen,Comedies
Holofernes,Love's Labour's Lost,Comedies
Horatio (Character)|Horatio,Hamlet,Tragedies
Thomas Horner,Henry VI,Histories
Hortensio,The Taming of the Shrew,Comedies
Hortensius,Timon of Athens,Tragedies
The Host Of The Garter,The Merry Wives of Windsor,Comedies
Host,The Two Gentlemen of Verona,Comedies
The Hostess,The Taming of the Shrew,Comedies
Hotspur,Henry IV,Histories
Hubert,King John,Histories
Hugh Oatcake,Much Ado About Nothing,Comedies
Hugh Rebeck,Romeo and Juliet,Tragedies
Sir Hugh Evans,The Merry Wives of Windsor,Comedies
Sir Hugh Mortimer,Henry VI,Histories
Hume,Henry VI,Histories
"Humphrey, Duke Of Gloucester",Henry VI,Histories
The Earl Of Huntingdon,Henry V,Histories
Huntsmen,The Taming of the Shrew,Comedies
Hymen,The Two Noble Kinsmen,Comedies
Iago,Othello,Tragedies
Alexander Iden,Henry VI,Histories
Imogen (Shakespeare)|Imogen,Cymbeline,Tragedies
Iras,Antony and Cleopatra,Tragedies
Iris,The Tempest,Comedies
Isabella,Measure for Measure,Comedies
Jachimo,Cymbeline,Tragedies
Jack Cade,Henry VI,Histories
Jacquenetta,Love's Labour's Lost,Comedies
Jailers,Cymbeline,Tragedies
Jailer,The Two Noble Kinsmen,Comedies
Jailer'S Brother,The Two Noble Kinsmen,Comedies
Jailer'S Daughter,The Two Noble Kinsmen,Comedies
Jailer,The Merchant of Venice,Comedies
Jaques,As You Like It,Comedies
Jaques Deboys,As You Like It,Comedies
James Gurney,King John,Histories
James Soundpost,Romeo and Juliet,Tragedies
Sir James Blunt,Richard III,Histories
Sir James Tyrrell,Richard III,Histories
Jamy,Henry V,Histories
Jane Nightwork,Henry IV,Histories
Jessica,The Merchant of Venice,Comedies
Jeweller,Timon of Athens,Tragedies
Joan La Pucelle,Henry VI,Histories
Don John,Much Ado About Nothing,Comedies
Friar John,Romeo and Juliet,Tragedies
John,The Merry Wives of Windsor,Comedies
John Bates,Henry V,Histories
"John Of Gaunt, Duke Of Lancaster",Richard II,Histories
John Gower,Pericles,Comedies
John Rugby,The Merry Wives of Windsor,Comedies
John Talbot,Henry VI,Histories
King John,King John,Histories
Prince John Of Lancaster,Henry VI,Histories
Sir John Blunt,Henry IV,Histories
Sir John Coleville,Henry IV,Histories
Falstaff|Sir John Falstaff,Hamlet,Tragedies
Sir John Fastolfe,Henry VI,Histories
Sir John Montgomery,Henry VI,Histories
Sir John Mortimer,Henry VI,Histories
Sir John Stanley,Henry VI,Histories
Sir John Talbot,Henry VI,Histories
Joseph,The Taming of the Shrew,Comedies
Jourdain,Henry VI,Histories
Julia,The Two Gentlemen of Verona,Comedies
Juliet Capulet|Juliet,Romeo and Juliet,Tragedies
Juliet,Measure for Measure,Comedies
Julius Caesar,Julius Caesar,Tragedies
Junius Brutus,Coriolanus,Tragedies
Juno,The Tempest,Comedies
Jupiter,Cymbeline,Tragedies
Justice,Measure for Measure,Comedies
The Lord Chief Justice,Henry IV,Histories
Justice Shallow,Henry IV,Histories
Justice Silence,Henry IV,Histories
Kate Keepdown,Measure for Measure,Comedies
Katharine,Henry V,Histories
Katharine,Love's Labour's Lost,Comedies
Kate (The Taming Of The Shrew)|Katherine,The Taming of the Shrew,Comedies
Queen Katherine Of Aragon,Henry VIII,Histories
Door Keeper,Henry VIII,Histories
Keeper,Richard II,Histories
Keepers,Henry VI,Histories
The Earl Of Kent,King Lear,Tragedies
First Player,Hamlet,Tragedies
King Claudius,Hamlet,Tragedies
The King Of France,King Lear,Tragedies
The King Of France,All's Well That Ends Well,Comedies
The King Of France,Henry V,Histories
The Dauphin,Henry VI,Histories
King Lewis Xi Of France,Henry VI,Histories
King Philip Of France,King John,Histories
Edward,Richard III,Histories
Prince Edward Of York,Richard III,Histories
King Hamlet,Hamlet,Tragedies
Bolingbroke,Henry IV,Histories
Hal,Henry V,Histories
King Henry Vi,Henry VI,Histories
The Earl Of Richmond,Richard III,Histories
King Henry Viii,Henry VIII,Histories
King John,King Lear,Tragedies
King Lear,King Lear,Tragedies
The King Of Navarre,Love's Labour's Lost,Comedies
King Richard Ii,Richard II,Histories
"Richard, Duke Of Gloucester",Richard III,Histories
Knights,Pericles,Comedies
Knights,The Two Noble Kinsmen,Comedies
Knights,King Lear,Tragedies
Lady Anne,Richard III,Histories
Lady Bona,Henry VI,Histories
Lady Capulet,Romeo and Juliet,Tragedies
Lady Faulconbridge,King John,Histories
Lady Macbeth (Shakespeare)|Lady Macbeth,Macbeth,Tragedies
Lady Macduff,Macbeth,Tragedies
Lady Montague,Romeo and Juliet,Tragedies
Lady Mortimer,Henry IV,Histories
Lady Northumberland,Henry IV,Histories
Lady Percy,Henry IV,Histories
Old Lady,Henry VIII,Histories
Ladies,Richard II,Histories
Ladies,Cymbeline,Tragedies
Ladies,Timon of Athens,Tragedies
Laertes (Character)|Laertes,Hamlet,Tragedies
Lafew,All's Well That Ends Well,Comedies
"John Of Gaunt, Duke Of Lancaster",Richard II,Histories
Prince John Of Lancaster,Henry VI,Histories
Titus Lartius,Coriolanus,Tragedies
Launce,The Two Gentlemen of Verona,Comedies
Launcelot Gobbo,The Merchant of Venice,Comedies
Friar Laurence,Romeo and Juliet,Tragedies
Lavatch,All's Well That Ends Well,Comedies
Lavinia,Titus Andronicus,Tragedies
Lawyer,Henry VI,Histories
King Lear,King Lear,Tragedies
Monsieur Lebeau,As You Like It,Comedies
Monsieur Lefer,Henry V,Histories
Legate,Henry VI,Histories
Popilius Lena,Julius Caesar,Tragedies
Lennox,Macbeth,Tragedies
Leonardo,The Merchant of Venice,Comedies
Leonato,Much Ado About Nothing,Comedies
Posthumus Leonatus,Cymbeline,Tragedies
Sicilius Leonantus,Cymbeline,Tragedies
Leonine,Pericles,Comedies
Leontes,The Winter's Tale,Comedies
Marcus Aemilius Lepidus,Antony and Cleopatra,Tragedies
King Lewis Xi Of France,Henry VI,Histories
Lewis,King John,Histories
Lieutenant,Henry VI,Histories
Lieutenant,Henry VI,Histories
Lieutenant,Coriolanus,Tragedies
Lieutenant,Coriolanus,Tragedies
Caius Ligarius,Julius Caesar,Tragedies
Limoges,King John,Histories
The Bishop Of Lincoln,Henry VIII,Histories
Lodovico,Othello,Tragedies
The Lord Mayor Of London,Richard III,Histories
The Mayor Of London,Henry VI,Histories
Longaville,Love's Labour's Lost,Comedies
Lord,The Taming of the Shrew,Comedies
Lord,Hamlet,Tragedies
Lord,Love's Labour's Lost,Comedies
Lord,Macbeth,Tragedies
Lord,Pericles,Comedies
Lord,Pericles,Comedies
Lord,Much Ado About Nothing,Comedies
Lord,Cymbeline,Tragedies
Lords,As You Like It,Comedies
Lords,As You Like It,Comedies
Lords,Cymbeline,Tragedies
Lords,All's Well That Ends Well,Comedies
Lords,Pericles,Comedies
Lords,Pericles,Comedies
Lords,Timon of Athens,Tragedies
Lords,All's Well That Ends Well,Comedies
Lords,Coriolanus,Tragedies
The Lord Chamberlain,Henry VIII,Histories
The Lord Chancellor,Henry VIII,Histories
The Lord Chief Justice,Henry IV,Histories
The Lord Mayor Of London,Richard III,Histories
Lorenzo,The Merchant of Venice,Comedies
Lord Lovell,Richard III,Histories
Sir Thomas Lovell,Henry VIII,Histories
Luce,The Comedy of Errors,Comedies
Lucentio,The Taming of the Shrew,Comedies
Lucetta,The Two Gentlemen of Verona,Comedies
Luciana,The Comedy of Errors,Comedies
Lucilius,Timon of Athens,Tragedies
Lucilius,Julius Caesar,Tragedies
Lucio,Measure for Measure,Comedies
Caius Lucius,Cymbeline,Tragedies
Lucius,Julius Caesar,Tragedies
Lucius,Timon of Athens,Tragedies
Lucius,Titus Andronicus,Tragedies
Young Lucius,Titus Andronicus,Tragedies
Lucullus,Timon of Athens,Tragedies
Sir William Lucy,Henry VI,Histories
Lychorida,Pericles,Comedies
Lysander (Shakespeare)|Lysander,A Midsummer Night's Dream,Comedies
Lysimachus,Pericles,Comedies
Macbeth,Macbeth,Tragedies
Macbeth,Macbeth,Tragedies
Lady Macbeth (Shakespeare)|Lady Macbeth,Macbeth,Tragedies
Macduff (Thane)|Macduff,Macbeth,Tragedies
Lady Macduff,Macbeth,Tragedies
Macduff'S Son,Macbeth,Tragedies
Macmorris,Henry V,Histories
Maecenas,Antony and Cleopatra,Tragedies
Malcolm (Macbeth)|Malcolm,Macbeth,Tragedies
Malvolio,Twelfth Night,Comedies
Mamillius,The Winter's Tale,Comedies
Man,Troilus and Cressida,Tragedies
Old Man,King Lear,Tragedies
Old Man,Macbeth,Tragedies
Porter,Henry VIII,Histories
Marcade,Love's Labour's Lost,Comedies
Marcellus,Hamlet,Tragedies
Marcus Andronicus,Titus Andronicus,Tragedies
Marcus Aemilius Lepidus,Antony and Cleopatra,Tragedies
Marcus Brutus,Julius Caesar,Tragedies
Mardian,Antony and Cleopatra,Tragedies
Margarelon,Troilus and Cressida,Tragedies
Margaret,Much Ado About Nothing,Comedies
Queen Margaret,Richard III,Histories
Maria,Twelfth Night,Comedies
Maria,Love's Labour's Lost,Comedies
Mariana,Measure for Measure,Comedies
Mariana,All's Well That Ends Well,Comedies
Marina,Pericles,Comedies
Mariners,The Tempest,Comedies
Mark Antony,Antony and Cleopatra,Tragedies
The Marquess Of Montague,Henry VI,Histories
Marshal,Pericles,Comedies
Sir Oliver Martext,As You Like It,Comedies
Caius Martius Coriolanus,Coriolanus,Tragedies
Martius,Titus Andronicus,Tragedies
Marullus,Julius Caesar,Tragedies
Master,The Tempest,Comedies
Master,Henry VI,Histories
Master Ford,The Merry Wives of Windsor,Comedies
Master Gunner Of Orleans,Henry VI,Histories
Master Gunner'S Boy,Henry VI,Histories
Master Page,The Merry Wives of Windsor,Comedies
Mate,Henry VI,Histories
Matthew Gough,Henry VI,Histories
The Lord Mayor Of London,Richard III,Histories
The Mayor Of London,Henry VI,Histories
The Mayor Of St. Albans,Henry VI,Histories
The Mayor Of York,Henry VI,Histories
Melun,King John,Histories
Menas,Antony and Cleopatra,Tragedies
Menecrates,Antony and Cleopatra,Tragedies
Menelaus,Troilus and Cressida,Tragedies
Menenius Agrippa,Coriolanus,Tragedies
Menteth,Macbeth,Tragedies
Merchant,Timon of Athens,Tragedies
Merchants,The Comedy of Errors,Comedies
Mercutio,Romeo and Juliet,Tragedies
Messala,Julius Caesar,Tragedies
Messenger,The Comedy of Errors,Comedies
Messenger,Measure for Measure,Comedies
Messenger,Pericles,Comedies
Messenger,Othello,Tragedies
Messenger,Titus Andronicus,Tragedies
Messenger,All's Well That Ends Well,Comedies
Messenger,Henry VIII,Histories
Messenger,Coriolanus,Tragedies
Messengers,Hamlet,Tragedies
Messengers,The Two Noble Kinsmen,Comedies
Messengers,Cymbeline,Tragedies
Messengers,Henry VI,Histories
Messengers,King Lear,Tragedies
Messengers,Timon of Athens,Tragedies
Messengers,Henry VI,Histories
Messengers,Richard III,Histories
Messengers,Much Ado About Nothing,Comedies
Messengers,Antony and Cleopatra,Tragedies
Metellus Cimber,Julius Caesar,Tragedies
Michael,Henry VI,Histories
Michael Cassio,Othello,Tragedies
Michael Williams (Henry V)|Michael Williams,Henry V,Histories
Sir Michael,Henry IV,Histories
Duke Of Milan,The Two Gentlemen of Verona,Comedies
Baptista Minola,The Taming of the Shrew,Comedies
Miranda (Shakespeare)|Miranda,The Tempest,Comedies
Monsieur Lebeau,As You Like It,Comedies
Monsieur Lefer,Henry V,Histories
The Marquess Of Montague,Henry VI,Histories
Montague,Romeo and Juliet,Tragedies
Lady Montague,Romeo and Juliet,Tragedies
Montano,Othello,Tragedies
Sir John Montgomery,Henry VI,Histories
Montjoy,Henry V,Histories
Mopsa,The Winter's Tale,Comedies
Morgan,Cymbeline,Tragedies
The Prince Of Morocco,The Merchant of Venice,Comedies
Edmund Mortimer,Henry IV,Histories
Edmund Mortimer,Henry VI,Histories
Lady Mortimer,Henry IV,Histories
Sir Hugh Mortimer,Henry VI,Histories
Sir John Mortimer,Henry VI,Histories
Morton,Henry IV,Histories
Moth,Love's Labour's Lost,Comedies
Moth,A Midsummer Night's Dream,Comedies
Mouldy,Henry IV,Histories
Lord Mowbray,Henry IV,Histories
"Thomas Mowbray, Duke Of Norfolk",Richard II,Histories
Murderers,Macbeth,Tragedies
Murderers,Henry VI,Histories
Murderers,Richard III,Histories
Musicians,Othello,Tragedies
Musicians,Cymbeline,Tragedies
Mustardseed,A Midsummer Night's Dream,Comedies
Mutius,Titus Andronicus,Tragedies
Myrmidons,Troilus and Cressida,Tragedies
Nathaniel,The Taming of the Shrew,Comedies
The King Of Navarre,Love's Labour's Lost,Comedies
Ned Poins,Henry IV,Histories
Nerissa,The Merchant of Venice,Comedies
Nestor,Troilus and Cressida,Tragedies
Nicholas,The Taming of the Shrew,Comedies
Nick,Henry VI,Histories
Nick Bottom,A Midsummer Night's Dream,Comedies
Sir Nicholas Vaux,Henry VIII,Histories
A Nobleman,Henry VI,Histories
The Duke Of Norfolk,Richard III,Histories
The Duke Of Norfolk,Henry VIII,Histories
"Thomas Mowbray, Duke Of Norfolk",Richard II,Histories
The Earl Of Northumberland,Henry IV,Histories
The Earl Of Northumberland,Henry VI,Histories
Lady Northumberland,Henry IV,Histories
Nurse (Romeo And Juliet Character)|The Nurse,Romeo and Juliet,Tragedies
The Nurse,Titus Andronicus,Tragedies
Corporal Nym|Nym,Henry V,Histories
Nymphs,The Two Noble Kinsmen,Comedies
Hugh Oatcake,Much Ado About Nothing,Comedies
Oberon (Fairy King)|Oberon,A Midsummer Night's Dream,Comedies
Octavia,Antony and Cleopatra,Tragedies
Octavius Caesar,Antony and Cleopatra,Tragedies
First Officer,Othello,Tragedies
Officer,The Comedy of Errors,Comedies
Officers,Twelfth Night,Comedies
Officers,Coriolanus,Tragedies
Officers,King Lear,Tragedies
Officers,Henry VI,Histories
Old Athenian,Timon of Athens,Tragedies
Old Capulet,Romeo and Juliet,Tragedies
Old Clifford,Henry VI,Histories
Old Gobbo,The Merchant of Venice,Comedies
King Hamlet|Old Hamlet,Hamlet,Tragedies
Old Lady,Henry VIII,Histories
Old Man,King Lear,Tragedies
Old Man,Macbeth,Tragedies
Old Shepherd,The Winter's Tale,Comedies
Oliver,As You Like It,Comedies
Sir Oliver Martext,As You Like It,Comedies
Olivia,Twelfth Night,Comedies
One,Henry VIII,Histories
Ophelia (Character)|Ophelia,Hamlet,Tragedies
Orlando (As You Like It)|Orlando,As You Like It,Comedies
The Duke Of Orleans,Henry V,Histories
The Master Gunner Of Orleans,Henry VI,Histories
Orsino,Twelfth Night,Comedies
Osric,Hamlet,Tragedies
Oswald,King Lear,Tragedies
Othello (Character)|Othello,Othello,Tragedies
Outlaws,The Two Gentlemen of Verona,Comedies
Mistress Overdone,Measure for Measure,Comedies
Owen Glendower,Henry IV,Histories
The Earl Of Oxford,Richard III,Histories
Page,Richard III,Histories
Page,The Taming of the Shrew,Comedies
Page,Romeo and Juliet,Tragedies
Page,All's Well That Ends Well,Comedies
Page,Timon of Athens,Tragedies
Pages,As You Like It,Comedies
Anne Page,The Merry Wives of Windsor,Comedies
Gardiner'S Page,Henry VIII,Histories
Master Page,The Merry Wives of Windsor,Comedies
Mistress Page,The Merry Wives of Windsor,Comedies
William Page,The Merry Wives of Windsor,Comedies
Painter,Timon of Athens,Tragedies
Palamon,The Two Noble Kinsmen,Comedies
Pandarus,Troilus and Cressida,Tragedies
Pander,Pericles,Comedies
Cardinal Pandulph,King John,Histories
Panthino,The Two Gentlemen of Verona,Comedies
The Governor Of Paris,Henry VI,Histories
Paris,Troilus and Cressida,Tragedies
Count Paris|Paris,Romeo and Juliet,Tragedies
Paris' Servant,Troilus and Cressida,Tragedies
Parolles,All's Well That Ends Well,Comedies
Patience,Henry VIII,Histories
Patricians,Coriolanus,Tragedies
Patroclus,Troilus and Cressida,Tragedies
Paulina,The Winter's Tale,Comedies
Peaseblossom,A Midsummer Night's Dream,Comedies
The Pedant,The Taming of the Shrew,Comedies
Don Pedro,Much Ado About Nothing,Comedies
The Earl Of Pembroke,King John,Histories
The Earl Of Pembroke,Henry VI,Histories
The Earl Of Northumberland,Henry IV,Histories
Hotspur,Henry IV,Histories
Lady Percy,Henry IV,Histories
Perdita (The Winter'S Tale)|Perdita,The Winter's Tale,Comedies
Pericles,Pericles,Comedies
Friar Peter,Measure for Measure,Comedies
Peter,The Taming of the Shrew,Comedies
Peter,Romeo and Juliet,Tragedies
Peter Of Pomfret,King John,Histories
Peter Quince,A Midsummer Night's Dream,Comedies
Peter Thump,Henry VI,Histories
Peto,Henry IV,Histories
Petruchio,The Taming of the Shrew,Comedies
Philostrate,A Midsummer Night's Dream,Comedies
Phebe,As You Like It,Comedies
Philario,Cymbeline,Tragedies
Philemon,Pericles,Comedies
King Philip Of France,King John,Histories
Philip (The Bastard) Faulconbridge,King John,Histories
Philip,The Taming of the Shrew,Comedies
Philo,Antony and Cleopatra,Tragedies
Philotus,Timon of Athens,Tragedies
Phrynia,Timon of Athens,Tragedies
Sir Piers Of Exton,Richard II,Histories
Pinch,The Comedy of Errors,Comedies
Pindarus,Julius Caesar,Tragedies
Pirates,Pericles,Comedies
Pirithous,The Two Noble Kinsmen,Comedies
Pisanio,Cymbeline,Tragedies
Pistol,Henry V,Histories
First Player,Hamlet,Tragedies
Second Player,Hamlet,Tragedies
Third Player,Hamlet,Tragedies
Fourth Player,Hamlet,Tragedies
Player,The Taming of the Shrew,Comedies
Plebeians,Julius Caesar,Tragedies
Plebeians,Coriolanus,Tragedies
Poet,Timon of Athens,Tragedies
Poet,Julius Caesar,Tragedies
Ned Poins,Henry IV,Histories
The Duke Of Suffolk (William De La Pole),Henry VI,Histories
Polixines,The Winter's Tale,Comedies
Polonius,Hamlet,Tragedies
Polydore,Cymbeline,Tragedies
Peter Of Pomfret,King John,Histories
Pompey,Measure for Measure,Comedies
Pompey,Antony and Cleopatra,Tragedies
Popilius Lena,Julius Caesar,Tragedies
Porter,Henry VI,Histories
Porter,Macbeth,Tragedies
Porter,Henry VIII,Histories
Portia (Merchant Of Venice)|Portia,The Merchant of Venice,Comedies
Portia (Julius Caesar)|Portia,Julius Caesar,Tragedies
Posthumus Leonatus,Cymbeline,Tragedies
Priam,Troilus and Cressida,Tragedies
Priest,Richard III,Histories
Priest,Hamlet,Tragedies
Priest,Edward III,Histories
"Escalus, Prince Of Verona",Romeo and Juliet,Tragedies
"Edward, The Black Prince",Edward III,Histories
Prince Edward,Henry VI,Histories
Prince Edward Of York,Richard III,Histories
Prince Hamlet,Hamlet,Tragedies
Prince Henry,King John,Histories
Prince John Of Lancaster,Henry VI,Histories
The Prince Of Arragon,The Merchant of Venice,Comedies
The Prince Of Morocco,The Merchant of Venice,Comedies
Prince Of Tyre,Pericles,Comedies
The Princess Of France,Love's Labour's Lost,Comedies
Proculeius,Antony and Cleopatra,Tragedies
Prologue,The Two Noble Kinsmen,Comedies
Prologue,Henry VIII,Histories
Prologue,Troilus and Cressida,Tragedies
Prospero,The Tempest,Comedies
Proteus,The Two Gentlemen of Verona,Comedies
Provost,Measure for Measure,Comedies
Publius,Julius Caesar,Tragedies
Joan La Pucelle,Henry VI,Histories
Puck (Shakespeare)|Puck,A Midsummer Night's Dream,Comedies
Hastings Pursuivant,Richard III,Histories
Player Queen,Hamlet,Tragedies
Queen,Cymbeline,Tragedies
Queens,The Two Noble Kinsmen,Comedies
Queen Eleanor,King John,Histories
Queen Elizabeth,Richard III,Histories
The Queen Of France,Henry V,Histories
Gertrude (Hamlet)|Queen Gertrude,Hamlet,Tragedies
Queen,Richard II,Histories
Queen Katherine Of Aragon,Henry VIII,Histories
Queen Margaret,Richard III,Histories
Mistress Quickly,Henry V,Histories
Peter Quince,A Midsummer Night's Dream,Comedies
Quintus,Titus Andronicus,Tragedies
Ragozine,Measure for Measure,Comedies
Rambures,Henry V,Histories
Sir Richard Ratcliffe,Richard III,Histories
Reapers,The Tempest,Comedies
Hugh Rebeck,Romeo and Juliet,Tragedies
Regan,King Lear,Tragedies
Reignier,Henry VI,Histories
Reynaldo,Hamlet,Tragedies
King Richard Ii,Richard II,Histories
"Richard, Duke Of Gloucester",Richard III,Histories
"Richard, Duke Of York",Henry VI,Histories
"Richard, Duke Of York",Richard III,Histories
Sir Richard Ratcliffe,Richard III,Histories
Sir Richard Vernon,Henry IV,Histories
The Earl Of Richmond,Richard III,Histories
Earl Rivers,Richard III,Histories
Robert,The Merry Wives of Windsor,Comedies
Robert Faulconbridge,King John,Histories
Robin Starveling,A Midsummer Night's Dream,Comedies
The Boy,The Merry Wives of Windsor,Comedies
Roderigo,Othello,Tragedies
Roman,Coriolanus,Tragedies
Romans,Coriolanus,Tragedies
Romeo,Romeo and Juliet,Tragedies
Rosalind,As You Like It,Comedies
Rosaline,Love's Labour's Lost,Comedies
Rosencrantz And Guildenstern,Hamlet,Tragedies
Lord Ross,Richard II,Histories
Ross,Macbeth,Tragedies
The Countess Of Rousillon,All's Well That Ends Well,Comedies
John Rugby,The Merry Wives of Windsor,Comedies
Rumour,Henry IV,Histories
Rutland,Henry VI,Histories
Rynaldo,All's Well That Ends Well,Comedies
Sailors,Hamlet,Tragedies
Sailor,Othello,Tragedies
Sailors,Pericles,Comedies
Sailor Of Tyre,Pericles,Comedies
Salarino,The Merchant of Venice,Comedies
Salerio,The Merchant of Venice,Comedies
The Earl Of Salisbury,King John,Histories
The Earl Of Salisbury,Richard II,Histories
The Earl Of Salisbury,Henry VI,Histories
The Earl Of Salisbury,Henry VI,Histories
Sampson,Romeo and Juliet,Tragedies
Lord Sandys,Henry VIII,Histories
Saturninus,Titus Andronicus,Tragedies
Lord Saye,Henry VI,Histories
Lord Scales,Henry VI,Histories
Scarus,Antony and Cleopatra,Tragedies
Schoolmaster,Antony and Cleopatra,Tragedies
Scottish Doctor,Macbeth,Tragedies
Scout,Henry VI,Histories
Scribe,Henry VIII,Histories
Scrivener,Richard III,Histories
Lord Scroop,Henry V,Histories
Scroop,Richard II,Histories
George Seacoal,Much Ado About Nothing,Comedies
Sebastian,Twelfth Night,Comedies
Sebastian,The Tempest,Comedies
Secretary,Henry VIII,Histories
Seleucus,Antony and Cleopatra,Tragedies
Sempronius,Timon of Athens,Tragedies
Sempronius,Titus Andronicus,Tragedies
Senators,Othello,Tragedies
Senators,Timon of Athens,Tragedies
Senators,Coriolanus,Tragedies
Senators,Cymbeline,Tragedies
Duke Senior,As You Like It,Comedies
Sentinels,Henry VI,Histories
Sentry,Antony and Cleopatra,Tragedies
Sergeant,Henry VI,Histories
Sergeant-At-Arms,Henry VIII,Histories
Diomedes' Servant,Troilus and Cressida,Tragedies
Paris' Servant,Troilus and Cressida,Tragedies
Servant,Romeo and Juliet,Tragedies
Servant,Henry IV,Histories
Servant,Twelfth Night,Comedies
Servant,Henry VIII,Histories
Servants,Richard II,Histories
Servants,Pericles,Comedies
Servants,King Lear,Tragedies
Servants,Julius Caesar,Tragedies
Servants,Timon of Athens,Tragedies
Talbot'S Servant,Henry VI,Histories
Servilius,Timon of Athens,Tragedies
Servingman,Richard II,Histories
Servingmen,Coriolanus,Tragedies
Servingmen,Romeo and Juliet,Tragedies
Servingmen,Henry VI,Histories
Servingmen,The Taming of the Shrew,Comedies
A Sexton,Much Ado About Nothing,Comedies
Pompey,Antony and Cleopatra,Tragedies
Seyton,Macbeth,Tragedies
Seyward,Macbeth,Tragedies
Young Seyward,Macbeth,Tragedies
Shadow,Henry IV,Histories
Justice Shallow,Henry IV,Histories
Old Shepherd,The Winter's Tale,Comedies
Shepherd,Henry VI,Histories
A Sheriff,Henry VI,Histories
A Sheriff Of Wiltshire,Richard III,Histories
Shylock,The Merchant of Venice,Comedies
Sicinius Velutus,Coriolanus,Tragedies
Justice Silence,Henry IV,Histories
Silius,Antony and Cleopatra,Tragedies
Silvia,The Two Gentlemen of Verona,Comedies
Silvius,As You Like It,Comedies
Simon Catling,Romeo and Juliet,Tragedies
Simonides,Pericles,Comedies
Simpcox,Henry VI,Histories
Simpcox'S Wife,Henry VI,Histories
Simple,The Merry Wives of Windsor,Comedies
Abraham Slender,The Merry Wives of Windsor,Comedies
Christopher Sly,The Taming of the Shrew,Comedies
Smith The Weaver,Henry VI,Histories
Snare,Henry IV,Histories
Tom Snout,A Midsummer Night's Dream,Comedies
Snug (A Midsummer Night'S Dream)|Snug,A Midsummer Night's Dream,Comedies
Solanio,The Merchant of Venice,Comedies
Soldier,Timon of Athens,Tragedies
Soldier,Henry VI,Histories
Soldiers,All's Well That Ends Well,Comedies
Soldiers,Coriolanus,Tragedies
Soldiers,Julius Caesar,Tragedies
Soldiers,Julius Caesar,Tragedies
Soldiers,Henry VI,Histories
Soldiers,Antony and Cleopatra,Tragedies
Soldiers,Troilus and Cressida,Tragedies
Solinus,The Comedy of Errors,Comedies
The Duke Of Somerset,Henry VI,Histories
The Duke Of Somerset,Richard III,Histories
The Duke Of Somerset (3),Henry VI,Histories
Somerville,Henry VI,Histories
Macduff'S Son,Macbeth,Tragedies
A Son,Henry VI,Histories
Soothsayer,Julius Caesar,Tragedies
Soothsayer,Cymbeline,Tragedies
Soothsayer,Antony and Cleopatra,Tragedies
James Soundpost,Romeo and Juliet,Tragedies
Southwell,Henry VI,Histories
Spaniard,Cymbeline,Tragedies
Speed,The Two Gentlemen of Verona,Comedies
Spirit,Henry VI,Histories
Sprites,The Tempest,Comedies
The Mayor Of St. Albans,Henry VI,Histories
Robin Starveling,A Midsummer Night's Dream,Comedies
Lord Stafford,Henry VI,Histories
Sir Humphrey Stafford,Henry VI,Histories
Stafford'S Brother,Henry VI,Histories
"Lord Stanley, Earl Of Derby",Richard III,Histories
Sir John Stanley,Henry VI,Histories
Sir William Stanley,Richard III,Histories
Stephano(Shakespeare)|Stephano,The Tempest,Comedies
Stephano,The Merchant of Venice,Comedies
Strangers,Timon of Athens,Tragedies
Strato,Julius Caesar,Tragedies
The Duke Of Suffolk,Henry VIII,Histories
The Duke Of Suffolk (William De La Pole),Henry VI,Histories
The Duke Of Surrey,Richard II,Histories
The Earl Of Surrey,Henry IV,Histories
The Earl Of Surrey,Henry VIII,Histories
Surveyor,Henry VIII,Histories
Antipholus Of Syracuse,The Comedy of Errors,Comedies
Dromio Of Syracuse,The Comedy of Errors,Comedies
Tailor,The Taming of the Shrew,Comedies
John Talbot,Henry VI,Histories
Sir John Talbot,Henry VI,Histories
Talbot'S Servant,Henry VI,Histories
Tamora,Titus Andronicus,Tragedies
Taurus,Antony and Cleopatra,Tragedies
Doll Tearsheet,Henry IV,Histories
Thaisa,Pericles,Comedies
Thaliard,Pericles,Comedies
Thane,Macbeth,Tragedies
Thersites,Troilus and Cressida,Tragedies
Theseus,The Two Noble Kinsmen,Comedies
Thidias,Antony and Cleopatra,Tragedies
Friar Thomas,Measure for Measure,Comedies
Sir Thomas Erpingham,Henry V,Histories
Sir Thomas Grey,Henry V,Histories
Sir Thomas Lovell,Henry VIII,Histories
Sir Thomas Vaughan,Richard III,Histories
"Thomas Cranmer, Archbishop Of Canterbury",Henry VIII,Histories
Thomas Cromwell,Henry VIII,Histories
"Thomas, Duke Of Clarence",Henry V,Histories
Thomas Horner,Henry VI,Histories
"Thomas Mowbray, Duke Of Norfolk",Richard II,Histories
Peter Thump,Henry VI,Histories
Thurio,The Two Gentlemen of Verona,Comedies
Timandra,Timon of Athens,Tragedies
Time,The Winter's Tale,Comedies
Timon,Timon of Athens,Tragedies
Timothy,The Two Noble Kinsmen,Comedies
Titania (Fairy Queen)|Titania,A Midsummer Night's Dream,Comedies
Titinius,Julius Caesar,Tragedies
Titus,Timon of Athens,Tragedies
Titus Andronicus,Titus Andronicus,Tragedies
Titus Lartius,Coriolanus,Tragedies
Toby Belch|Sir Toby Belch,Twelfth Night,Comedies
Tom Snout,A Midsummer Night's Dream,Comedies
Touchstone,As You Like It,Comedies
Tranio,The Taming of the Shrew,Comedies
Travers,Henry IV,Histories
Trebonius,Julius Caesar,Tragedies
Tressell,Richard III,Histories
Tribune,Cymbeline,Tragedies
Trinculo,The Tempest,Comedies
Troilus,Troilus and Cressida,Tragedies
Tubal,The Merchant of Venice,Comedies
Tullus Aufidius,Coriolanus,Tragedies
A Tutor,Henry VI,Histories
Tybalt,Romeo and Juliet,Tragedies
Sir James Tyrrell,Richard III,Histories
Ulysses,Troilus and Cressida,Tragedies
Ursula,Much Ado About Nothing,Comedies
Valentine,The Two Gentlemen of Verona,Comedies
Valentine,Twelfth Night,Comedies
Valentine,Titus Andronicus,Tragedies
Valentine,Romeo and Juliet,Tragedies
Valeria,Coriolanus,Tragedies
Valerius,The Two Noble Kinsmen,Comedies
Varrius,Measure for Measure,Comedies
Varrius,Antony and Cleopatra,Tragedies
Varro,Julius Caesar,Tragedies
Sir Thomas Vaughan,Richard III,Histories
Sir Nicholas Vaux,Henry VIII,Histories
Vaux,Henry VI,Histories
Sicinius Velutus,Coriolanus,Tragedies
The Duke Of Venice,The Merchant of Venice,Comedies
The Duke Of Venice,Othello,Tragedies
Ventidius,Antony and Cleopatra,Tragedies
Ventidius,Timon of Athens,Tragedies
Verges,Much Ado About Nothing,Comedies
Sir Richard Vernon,Henry IV,Histories
Vernon,Henry VI,Histories
"Escalus, Prince Of Verona",Romeo and Juliet,Tragedies
Duke Of Vienna,Measure for Measure,Comedies
Vincentio,Measure for Measure,Comedies
Vincentio,The Taming of the Shrew,Comedies
Vintner,Henry IV,Histories
Viola,Twelfth Night,Comedies
Virgilia,Coriolanus,Tragedies
Volsce,Coriolanus,Tragedies
Voltemand,Hamlet,Tragedies
Volumnia (Shakespeare)|Volumnia,Coriolanus,Tragedies
Volumnius,Julius Caesar,Tragedies
Waiting Woman,The Two Noble Kinsmen,Comedies
Sir Walter Blunt,Henry IV,Histories
Sir Walter Herbert,Richard III,Histories
Walter Whitmore,Henry VI,Histories
Warders,Henry VI,Histories
Wart,Henry IV,Histories
The Earl Of Warwick,Henry IV,Histories
The Earl Of Warwick,Henry VI,Histories
Watch,Henry VI,Histories
Watch,Antony and Cleopatra,Tragedies
Watchmen,Henry VI,Histories
Watchmen,Much Ado About Nothing,Comedies
Watchmen,Romeo and Juliet,Tragedies
Watchmen,Coriolanus,Tragedies
Smith The Weaver,Henry VI,Histories
The Abbott Of Westminster,Richard II,Histories
The Earl Of Westmoreland,Henry V,Histories
The Earl Of Westmoreland,Henry VI,Histories
Walter Whitmore,Henry VI,Histories
Widow,All's Well That Ends Well,Comedies
Widow,The Taming of the Shrew,Comedies
Will,Henry IV,Histories
The Duke Of Suffolk (William De La Pole),Henry VI,Histories
Sir William Lucy,Henry VI,Histories
Sir William Stanley,Richard III,Histories
William,As You Like It,Comedies
William Page,The Merry Wives of Windsor,Comedies
Michael Williams (Henry V)|Michael Williams,Henry V,Histories
Willoughby,Richard II,Histories
A Sheriff Of Wiltshire,Richard III,Histories
The Bishop Of Winchester,Henry VI,Histories
The Bishop Of Winchester,Henry VIII,Histories
Three Witches,Macbeth,Tragedies
Cardinal Wolsey,Henry VIII,Histories
Woodville,Henry VI,Histories
Wooer,The Two Noble Kinsmen,Comedies
The Earl Of Worcester,Henry IV,Histories
The Archbishop Of York,Henry IV,Histories
The Archbishop Of York,Richard III,Histories
The Duchess Of York,Richard II,Histories
The Duchess Of York,Richard III,Histories
The Duke Of York,Richard II,Histories
The Duke Of York,Henry V,Histories
"Richard, Duke Of York",Henry VI,Histories
"Richard, Duke Of York",Richard III,Histories
The Mayor Of York,Henry VI,Histories
Prince Edward Of York,Richard III,Histories
Young Cato,Julius Caesar,Tragedies
Young Lucius,Titus Andronicus,Tragedies
Young Seyward,Macbeth,Tragedies
